Obama+Barack+news,20140220,20140315
{"headline": "Wheelies: The Clearing Out James Bond\u2019s Garage Edition", "keywords": [{"rank": "11", "is_major": "N", "value": "Goldeneye (Movie)", "name": "creative_works"}, {"rank": "5", "is_major": "N", "value": "Ferrari SpA", "name": "organizations"}, {"rank": "9", "is_major": "N", "value": "Obama, Barack", "name": "persons"}, {"rank": "7", "is_major": "N", "value": "Cadillac Division of General Motors Corp", "name": "organizations"}, {"rank": "6", "is_major": "N", "value": "Nissan Motor Co", "name": "organizations"}, {"rank": "3", "is_major": "N", "value": "Bond, James (Fictional Character)", "name": "subject"}, {"rank": "8", "is_major": "N", "value": "Chrysler Group LLC", "name": "organizations"}, {"rank": "13", "is_major": "N", "value": "For Your Eyes Only (Movie)", "name": "creative_works"}, {"rank": "10", "is_major": "N", "value": "Modena (Italy)", "name": "glocations"}, {"rank": "1", "is_major": "N", "value": "Automobiles", "name": "subject"}, {"rank": "12", "is_major": "N", "value": "Octopussy (Movie)", "name": "creative_works"}, {"rank": "2", "is_major": "N", "value": "Electric and Hybrid Vehicles", "name": "subject"}, {"rank": "4", "is_major": "N", "value": "New York International Auto Show", "name": "subject"}], "lead_paragraph": "A huge James Bond car collection in Miami goes up for sale for $33 million; a Los Angeles museum opens an exhibition of old town cars.", "pub_date": "2014-02-20T00:00:00Z"}
{"headline": "Violence in Ukraine Creates Deepening Clash Between East and West", "keywords": [{"rank": "15", "is_major": "N", "value": "Obama, Barack", "name": "persons"}, {"rank": "11", "is_major": "Y", "value": "Ukraine", "name": "glocations"}, {"rank": "5", "is_major": "N", "value": "United States", "name": "glocations"}, {"rank": "16", "is_major": "N", "value": "United States International Relations", "name": "subject"}, {"rank": "9", "is_major": "N", "value": "Putin, Vladimir V", "name": "persons"}, {"rank": "7", "is_major": "N", "value": "International Relations", "name": "subject"}, {"rank": "3", "is_major": "N", "value": "Deaths (Fatalities)", "name": "subject"}, {"rank": "6", "is_major": "N", "value": "Embargoes and Economic Sanctions", "name": "subject"}, {"rank": "14", "is_major": "N", "value": "Lavrov, Sergey V", "name": "persons"}, {"rank": "8", "is_major": "N", "value": "Yanukovych, Viktor F", "name": "persons"}, {"rank": "13", "is_major": "N", "value": "Hollande, Francois", "name": "persons"}, {"rank": "17", "is_major": "N", "value": "Europe", "name": "glocations"}, {"rank": "10", "is_major": "N", "value": "Germany", "name": "glocations"}, {"rank": "1", "is_major": "N", "value": "Kiev (Ukraine)", "name": "glocations"}, {"rank": "12", "is_major": "N", "value": "Merkel, Angela", "name": "persons"}, {"rank": "2", "is_major": "N", "value": "Demonstrations, Protests, and Riots", "name": "subject"}, {"rank": "4", "is_major": "Y", "value": "Russia", "name": "glocations"}], "lead_paragraph": "As Russia denounced what it called a coup by extremists, the United States and Europe threatened to impose sanctions on those responsible for the violence \u2014 and each side accused the other of interference.", "pub_date": "2014-02-20T00:00:00Z"}
{"headline": "Aides Give Japan's Abe a Headache on History, U.S. Alliance", "keywords": [], "lead_paragraph": "Remarks by aides to Prime Minister Shinzo Abe about U.S.-Japan ties and the wartime past are giving the Japanese leader a political headache as he seeks to soothe strains with key ally Washington amid rising regional tensions.", "pub_date": "2014-02-20T01:10:44Z"}
{"headline": "Scores Killed in Deadly Ukraine Day of Protest", "keywords": [], "lead_paragraph": "Protesters advanced on police lines in the heart of the Ukrainian capital on Thursday, prompting government snipers to shoot back and kill scores of people in the country's deadliest day since the breakup of the Soviet Union a quarter-century ago.", "pub_date": "2014-02-20T02:19:55Z"}
{"headline": "Obama Finds That the World Intrudes on His Travels", "keywords": [], "lead_paragraph": "Even given President Barack Obama's own penchant for finding foreign travels eclipsed by distractions, his day-trip to Mexico stands out as a tour de force of multitasking.", "pub_date": "2014-02-20T03:25:18Z"}
{"headline": "Times Minute | The Unhealthy Internet", "keywords": [{"rank": "1", "name": "persons", "value": "Obama, Barack"}, {"rank": "2", "name": "organizations", "value": "Supreme Court (US)"}, {"rank": "3", "name": "organizations", "value": "WhatsApp Inc"}, {"rank": "1", "name": "organizations", "value": "Facebook Inc"}, {"rank": "3", "name": "subject", "value": "Mergers, Acquisitions and Divestitures"}, {"rank": "2", "name": "subject", "value": "Greenhouse Gas Emissions"}, {"rank": "4", "name": "subject", "value": "Science and Technology"}, {"rank": "1", "name": "subject", "value": "Food"}], "lead_paragraph": null, "pub_date": "2014-02-20T05:46:58Z"}
{"headline": "Obama Looking at Range of Sanctions on Ukraine Violence - White House", "keywords": [], "lead_paragraph": "President Barack Obama is urgently considering a range of sanctions against Ukraine after the death toll mounted from violent protests in central Kiev, the White House said on Thursday.", "pub_date": "2014-02-20T11:20:24Z"}
{"headline": "Obama to Seek Tighter Tax Rules for Corporate Offshore Profits - Official", "keywords": [], "lead_paragraph": "The Obama administration said on Thursday it will seek new limits on overseas tax avoidance by corporations in its forthcoming budget proposal, reprising an approach it has made before to try to raise government revenue via a tighter corporate tax code.", "pub_date": "2014-02-20T12:07:49Z"}
{"headline": "Obama Looking at Range of Sanctions on Ukraine Violence - White House", "keywords": [], "lead_paragraph": "President Barack Obama is urgently considering a range of sanctions against Ukraine after the death toll mounted from violent protests in central Kiev, the White House said on Thursday.", "pub_date": "2014-02-20T14:40:51Z"}
{"headline": "Anyone Home? Ukraine Isn't Taking the Pentagon's Calls", "keywords": [], "lead_paragraph": "U.S. Defense Secretary Chuck Hagel has been unable to get anyone on the phone at Ukraine's defense ministry over the past several days as violence flared and Kiev named a new head of the armed forces general staff, the Pentagon said on Thursday.", "pub_date": "2014-02-20T17:23:51Z"}
{"headline": "Obama to Host Dalai Lama on Friday at White House", "keywords": [], "lead_paragraph": "President Barack Obama will host Tibetan spiritual leader the Dalai Lama for a meeting, the White House announced Thursday, prompting swift and vehement protest from China.", "pub_date": "2014-02-20T19:46:08Z"}
{"headline": "Ukraine\u2019s Forces Escalate Attacks Against Protesters", "keywords": [{"rank": "5", "is_major": "N", "value": "International Relations", "name": "subject"}, {"rank": "9", "is_major": "N", "value": "Kiev (Ukraine)", "name": "glocations"}, {"rank": "7", "is_major": "N", "value": "Klitschko, Vitali", "name": "persons"}, {"rank": "6", "is_major": "N", "value": "Ukrainian State Security Service", "name": "organizations"}, {"rank": "3", "is_major": "N", "value": "Yanukovych, Viktor F", "name": "persons"}, {"rank": "8", "is_major": "N", "value": "Obama, Barack", "name": "persons"}, {"rank": "1", "is_major": "Y", "value": "Ukraine", "name": "glocations"}, {"rank": "2", "is_major": "Y", "value": "Demonstrations, Protests, and Riots", "name": "subject"}, {"rank": "4", "is_major": "N", "value": "Defense and Military Forces", "name": "subject"}], "lead_paragraph": "New violence in Kiev left the country reeling from the biggest one-day death toll since Ukrainian independence from the Soviet Union.", "pub_date": "2014-02-21T00:00:00Z"}
{"headline": "Obama Meets With Dalai Lama, Upsetting China", "keywords": [], "lead_paragraph": "President Barack Obama held low-key talks with the Dalai Lama on Friday, prompting the Chinese government to ask why the White House ignored Beijing's warnings that the meeting with the exiled Tibetan spiritual leader would damage ties.", "pub_date": "2014-02-21T00:18:15Z"}
{"headline": "Quotations in the News", "keywords": [], "lead_paragraph": "\"He's not going to resign. This isn't realistic. We have to think about realistic steps,\" opposition leader Vitali Klitschko, speaking to a crowd in Kiev about Ukrainian President Viktor Yanukovych.", "pub_date": "2014-02-21T03:01:48Z"}
{"headline": "Debts, Deficits _ Once a Focus _ Fade From Agenda", "keywords": [], "lead_paragraph": "Just four years ago, deficits and debt were an explosive political combination, propelling Republicans to control of the House and fueling the budget fights that would ensue over the next three years.", "pub_date": "2014-02-21T03:29:09Z"}
{"headline": "Fannie Mae Profits Push Taxpayers Into Black on Housing Bailout", "keywords": [], "lead_paragraph": "Fannie Mae said on Friday it would soon send the U.S. Treasury a dividend of $7.2 billion that will make taxpayers whole for the 2008 bailout of the mortgage-financing giant and its sibling company Freddie Mac.", "pub_date": "2014-02-21T08:48:27Z"}
{"headline": "From Jail, Venezuela Protest Leader Urges Resistance", "keywords": [], "lead_paragraph": "Venezuela's jailed protest leader urged supporters on Friday to keep demonstrating peacefully against President Nicolas Maduro despite violence that has killed at least six people and rocked the OPEC member nation.", "pub_date": "2014-02-21T10:12:53Z"}
{"headline": "Obama, Putin Agree on Need to Ensure Ukraine Deal Works", "keywords": [], "lead_paragraph": "U.S. President Barack Obama and Russian President Vladimir Putin agreed on Friday that a deal aimed at halting bloody clashes between government forces and protesters in Ukraine needs to be implemented quickly so that the country stabilizes, a U.S. official said.", "pub_date": "2014-02-21T11:47:38Z"}
{"headline": "Obama Meets With Dalai Lama, Upsetting China", "keywords": [], "lead_paragraph": "President Barack Obama held low-key talks with the Dalai Lama on Friday, prompting the Chinese government to ask why the White House ignored Beijing's warnings that the meeting with the exiled Tibetan spiritual leader would damage ties.", "pub_date": "2014-02-21T13:42:21Z"}
{"headline": "White House Bars Media From Dalai Lama Meeting", "keywords": [], "lead_paragraph": "The White House defended its decision Friday to bar reporters and photojournalists from a meeting between President Barack Obama and the Dalai Lama, while acknowledging the news media's legitimate interest in covering the two leaders' encounter.", "pub_date": "2014-02-21T16:43:47Z"}
{"headline": "Justice Dept. Revises Media Rules", "keywords": [], "lead_paragraph": "The Justice Department announced Friday it is revising its rules for obtaining records from the news media in leak investigations, promising that in most instances the government will notify news organizations beforehand of its intention to do so.", "pub_date": "2014-02-21T17:12:44Z"}
{"headline": "Attorney General Signs New Rules to Limit Access to Journalists\u2019 Records", "keywords": [{"rank": "5", "is_major": "N", "value": "Obama, Barack", "name": "persons"}, {"rank": "1", "is_major": "N", "value": "Freedom of the Press", "name": "subject"}, {"rank": "8", "is_major": "N", "value": "Federal Register", "name": "organizations"}, {"rank": "6", "is_major": "Y", "value": "Classified Information and State Secrets", "name": "subject"}, {"rank": "7", "is_major": "N", "value": "Foreign Intelligence Surveillance Act (FISA)", "name": "subject"}, {"rank": "3", "is_major": "Y", "value": "Holder, Eric H Jr", "name": "persons"}, {"rank": "2", "is_major": "Y", "value": "News and News Media", "name": "subject"}, {"rank": "4", "is_major": "Y", "value": "Justice Department", "name": "organizations"}], "lead_paragraph": "The guidelines signed by Attorney General Eric H. Holder Jr. on Friday are intended to ensure a balance between protecting national security and safeguarding freedom of the press, a preamble says.", "pub_date": "2014-02-22T00:00:00Z"}
{"headline": "As Crisis Loomed, Yellen Made Wry and Forceful Calls for Action", "keywords": [{"value": "Federal Open Market Committee", "is_major": "N", "rank": "5", "name": "organizations"}, {"value": "Federal Reserve System", "is_major": "Y", "rank": "3", "name": "organizations"}, {"value": "Subprime Mortgage Crisis", "is_major": "N", "rank": "6", "name": "subject"}, {"value": "Yellen, Janet L", "is_major": "Y", "rank": "1", "name": "persons"}, {"value": "Recession and Depression", "is_major": "N", "rank": "2", "name": "subject"}, {"value": "United States Economy", "is_major": "N", "rank": "4", "name": "subject"}], "lead_paragraph": "Janet Yellen was a nonvoting member of the Federal Reserve\u2019s policy-making committee as global finances soured, but she called for swift action and disarmed critics with gallows humor.", "pub_date": "2014-02-22T00:00:00Z"}
{"headline": "Obama, Putin Agree on Need to Ensure Ukraine Deal Works", "keywords": [], "lead_paragraph": "U.S. President Barack Obama and Russian President Vladimir Putin agreed on Friday that a deal aimed at halting bloody clashes between government forces and protesters in Ukraine needs to be implemented quickly to stabilize the country, a U.S. official said.", "pub_date": "2014-02-22T01:17:01Z"}
{"headline": "Going It Alone Gives Obama New Sense of Purpose", "keywords": [], "lead_paragraph": "This week, President Barack Obama promoted tougher fuel efficiency standards for trucks. He touted progress on initiatives to strengthen the U.S. patent system. And he signed an executive order intended to speed up the process for approving import or export cargo.", "pub_date": "2014-02-22T03:48:54Z"}
{"headline": "Venezuela Deaths Rise as Unrest Claims Student and Biker", "keywords": [], "lead_paragraph": "A female student and a young supermarket worker were the latest fatalities from Venezuela's political unrest as the death toll from 10 days of violence rose on Saturday to at least eight.", "pub_date": "2014-02-22T12:38:01Z"}
{"headline": "Madame Secretary", "keywords": [{"value": "Clinton, Hillary Rodham", "is_major": "N", "rank": "5", "name": "persons"}, {"value": "United States International Relations", "is_major": "N", "rank": "7", "name": "subject"}, {"value": "United States Politics and Government", "is_major": "N", "rank": "6", "name": "subject"}, {"value": "Allen, Jonathan", "is_major": "Y", "rank": "3", "name": "persons"}, {"value": "Parnes, Amie", "is_major": "Y", "rank": "2", "name": "persons"}, {"value": "Books and Literature", "is_major": "Y", "rank": "4", "name": "subject"}], "lead_paragraph": "An admiring account of Hillary Clinton\u2019s years at the State Department.", "pub_date": "2014-02-23T00:00:00Z"}
{"headline": "La.'s Landrieu Looks for Independent, GOP Support", "keywords": [], "lead_paragraph": "Democrat Mary Landrieu's quest for a fourth Senate term will turn on whether she can attract just enough support from independents and Republicans to win in this increasingly conservative state.", "pub_date": "2014-02-23T09:03:57Z"}
{"headline": "Governors: 'Obamacare' Here to Stay", "keywords": [], "lead_paragraph": "The explosive politics of health care have divided the nation, but America's governors, Republicans and Democrats alike, suggest that President Barack Obama's health care overhaul is here to stay.", "pub_date": "2014-02-23T12:42:47Z"}
{"headline": "U.S. Governors Plan to Urge Obama Not to Downsize National Guard", "keywords": [], "lead_paragraph": "Governors from both U.S. political parties plan to talk to President Barack Obama on Monday about preventing potential cuts to National Guard units, several governors said on Sunday.", "pub_date": "2014-02-23T13:34:59Z"}
{"headline": "Obama Adviser Rice Has No Regrets on 2012 Benghazi Comments", "keywords": [], "lead_paragraph": "President Barack Obama's national security adviser, Susan Rice, said on Sunday she was not \"100 percent correct\" in her remarks after the deadly 2012 attack on a U.S. compound in Libya, but called it patently false to say she intentionally misled Americans about the incident.", "pub_date": "2014-02-23T14:23:17Z"}
{"headline": "Obama to Ambitious Governors: 'Make Yourselves at Home' in White House", "keywords": [], "lead_paragraph": "President Barack Obama invited state governors, some eyeing runs at the presidency in 2016 and beyond, to \"make yourselves at home\" during a black-tie dinner at the White House on Sunday honoring governors in town for an annual meeting.", "pub_date": "2014-02-23T20:58:19Z"}
{"headline": "Quotations in the News", "keywords": [], "lead_paragraph": "\"We need several large storms and we just don't see that on the horizon. This is a rogue storm.\" &#8212; National Weather Service meteorologist Eric Boldt, about a storm that lashed parched California.", "pub_date": "2014-02-24T03:01:20Z"}
{"headline": "China Denounces Appointment of U.S. Special Coordinator on Tibet", "keywords": [], "lead_paragraph": "China will never recognize the United States' appointment of a special coordinator for Tibetan issues, China's foreign ministry said on Monday, saying it opposes any foreign intervention in its internal affairs.", "pub_date": "2014-02-24T03:09:20Z"}
{"headline": "Governors Erupt in Partisan Dispute at White House", "keywords": [], "lead_paragraph": "The nation's governors emerged from a meeting with President Barack Obama on Monday claiming harmony, only to immediately break into an on-camera partisan feud in front of the West Wing.", "pub_date": "2014-02-24T03:16:52Z"}
{"headline": "La.'s Landrieu Looks for Independent, GOP Support", "keywords": [], "lead_paragraph": "Democrat Mary Landrieu's quest for a fourth Senate term will turn on whether she can attract just enough support from independents and Republicans to win in this increasingly conservative state.", "pub_date": "2014-02-24T03:35:28Z"}
{"headline": "Brazil, Europe Plan Undersea Cable to Skirt U.S. Spying", "keywords": [], "lead_paragraph": "Brazil and the European Union agreed on Monday to lay an undersea communications cable from Lisbon to Fortaleza to reduce Brazil's reliance on the United States after Washington spied on Brasilia.", "pub_date": "2014-02-24T06:48:54Z"}
{"headline": "Pre-Inspection of US-Bound Trucks Begins in Canada", "keywords": [], "lead_paragraph": "U.S. customs officers began inspecting U.S.-bound cargo trucks in Canada Monday under a pilot program intended to relieve congestion at one of the border's busiest commercial crossings.", "pub_date": "2014-02-24T09:45:35Z"}
{"headline": "Michigan's Dingell, Longest-Serving U.S. Lawmaker, to Retire", "keywords": [], "lead_paragraph": "Michigan Democrat John Dingell, a gruff legislator who has served longer in the U.S. Congress than any other person in history, announced on Monday that he will retire from the House of Representatives after this year.", "pub_date": "2014-02-24T09:47:23Z"}
{"headline": "AP Chief Urges Governments to Support Free Press", "keywords": [], "lead_paragraph": "The Associated Press' executive editor called on governments around the world to support an independent press, warning Monday that efforts to silence the media through intimidation and violence are \"in effect an attack on a nation's people.\"", "pub_date": "2014-02-24T12:14:26Z"}
{"headline": "After Meeting With Obama, Governor Goes on the Attack", "keywords": [{"rank": "1", "is_major": "Y", "value": "Governors (US)", "name": "subject"}, {"rank": "3", "is_major": "Y", "value": "Obama, Barack", "name": "persons"}, {"rank": "2", "is_major": "Y", "value": "Jindal, Bobby", "name": "persons"}], "lead_paragraph": "Emerging from the annual meeting of the nation&#8217;s governors at the White House, Gov. Bobby Jindal omitted the usual happy-talk to discuss his views of President Obama.", "pub_date": "2014-02-25T00:00:00Z"}
{"headline": "Wary Stance From Obama on Ukraine", "keywords": [{"rank": "5", "is_major": "N", "value": "United States", "name": "glocations"}, {"rank": "1", "is_major": "Y", "value": "Ukraine", "name": "glocations"}, {"rank": "6", "is_major": "N", "value": "Bush, George W", "name": "persons"}, {"rank": "3", "is_major": "Y", "value": "Obama, Barack", "name": "persons"}, {"rank": "2", "is_major": "N", "value": "United States International Relations", "name": "subject"}, {"rank": "4", "is_major": "N", "value": "Yanukovych, Viktor F", "name": "persons"}], "lead_paragraph": "While George W. Bush was inspired by Ukraine\u2019s 2004 revolution, Barack Obama has approached the unrest of 2014 with a more clinical detachment aimed at avoiding instability.", "pub_date": "2014-02-25T00:00:00Z"}
{"headline": "US-Led Trade Deal Talks to Carry On to Next Round", "keywords": [], "lead_paragraph": "Negotiators ended talks on a comprehensive trans-Pacific trade pact on Tuesday without a final agreement, but said they were pleased with the progress they had made in Singapore despite persisting conflicts over agricultural tariffs and other issues.", "pub_date": "2014-02-25T00:01:41Z"}
{"headline": "No End in Sight Yet for Trans-Pacific Trade Pact", "keywords": [], "lead_paragraph": "Ministers in 12-nation Trans-Pacific trade talks said on Tuesday that they had yet to reach agreement on tariffs and other market access issues, with the timing of a completed deal looking increasingly unclear.", "pub_date": "2014-02-25T01:56:45Z"}
{"headline": "U.S. States Do Not Have to Defend Gay Marriage Bans: Holder", "keywords": [], "lead_paragraph": "The Obama administration on Tuesday offered verbal support to U.S. state officials who decline to defend their own states' bans on same-sex marriage, entering cautiously into legal fights that are playing out across the United States.", "pub_date": "2014-02-25T13:13:28Z"}
{"headline": "AP Source: Debbie Dingell to Seek Mich. House Seat", "keywords": [], "lead_paragraph": "Democrat Debbie Dingell will run for the House seat currently held by her husband, John, who announced this week that he will retire after the longest congressional career in history, a Democratic official said Tuesday.", "pub_date": "2014-02-25T14:09:34Z"}
{"headline": "AP Exclusive: Health Law Cybersecurity Challenges", "keywords": [], "lead_paragraph": "As the Obama administration raced to meet its self-imposed deadline for online health insurance markets, security experts working for the government worried that state computer systems could become a back door for hackers.", "pub_date": "2014-02-25T14:09:34Z"}
{"headline": "Florida Politicians Call on Obama to Protect Venezuelan Activists", "keywords": [], "lead_paragraph": "In response to mounting anti-government protests in Venezuela, Florida politicians are calling on the Obama administration to grant political asylum for people who have fled the South American nation, as well as sanctions against officials responsible for the violence.", "pub_date": "2014-02-25T16:27:54Z"}
{"headline": "Trust Eroded, Obama Looks Beyond Karzai", "keywords": [{"value": "United States", "is_major": "N", "rank": "5", "name": "glocations"}, {"value": "Afghanistan", "is_major": "N", "rank": "1", "name": "glocations"}, {"value": "Afghanistan War (2001- )", "is_major": "Y", "rank": "3", "name": "subject"}, {"value": "Obama, Barack", "is_major": "Y", "rank": "4", "name": "persons"}, {"value": "United States Defense and Military Forces", "is_major": "N", "rank": "2", "name": "subject"}, {"value": "Karzai, Hamid", "is_major": "Y", "rank": "6", "name": "persons"}], "lead_paragraph": "President Obama is apparently resigned to dealing with the next Afghan president on troop withdrawals and training, since President Hamid Karzai has refused to sign a long-term security agreement.", "pub_date": "2014-02-26T00:00:00Z"}
{"headline": "Why the I.R.S. Scandal Won\u2019t Go Away", "keywords": [{"value": "Obama, Barack", "is_major": "N", "rank": "15", "name": "persons"}, {"value": "Crossroads Grassroots Policy Strategies", "is_major": "N", "rank": "11", "name": "organizations"}, {"value": "Tea Party Movement", "is_major": "N", "rank": "5", "name": "subject"}, {"value": "United States", "is_major": "N", "rank": "9", "name": "glocations"}, {"value": "Tax Credits, Deductions and Exemptions", "is_major": "N", "rank": "7", "name": "subject"}, {"value": "United States Politics and Government", "is_major": "N", "rank": "6", "name": "subject"}, {"value": "Political Advertising", "is_major": "N", "rank": "3", "name": "subject"}, {"value": "Rove, Karl", "is_major": "N", "rank": "14", "name": "persons"}, {"value": "Senate Committee on Finance", "is_major": "N", "rank": "8", "name": "organizations"}, {"value": "Koch, Charles G", "is_major": "N", "rank": "13", "name": "persons"}, {"value": "Internal Revenue Service", "is_major": "N", "rank": "10", "name": "organizations"}, {"value": "Internal Revenue Service Political Profiling", "is_major": "N", "rank": "1", "name": "subject"}, {"value": "Koch, David H", "is_major": "N", "rank": "12", "name": "persons"}, {"value": "Republican Party", "is_major": "N", "rank": "2", "name": "organizations"}, {"value": "Nonprofit Organizations", "is_major": "N", "rank": "4", "name": "subject"}], "lead_paragraph": "The endless Congressional investigations serve a crucial purpose for Republican politicians, strategists and fundraisers.", "pub_date": "2014-02-26T00:00:00Z"}
{"headline": "Is Your Generation Really 'Postracial'?", "keywords": [{"value": "Discrimination", "name": "subject", "rank": "3"}, {"value": "Colleges and Universities", "name": "subject", "rank": "2"}, {"value": "Race and Ethnicity", "name": "subject", "rank": "4"}, {"value": "Blacks", "name": "subject", "rank": "1"}], "lead_paragraph": null, "pub_date": "2014-02-26T05:05:52Z"}
{"headline": "Times Minute | Clinton\u2019s 2016 Numbers", "keywords": [{"value": "Clinton, Hillary Rodham", "is_major": "N", "rank": "3", "name": "persons"}, {"value": "United States Defense and Military Forces", "is_major": "N", "rank": "1", "name": "subject"}, {"value": "Smartphones", "is_major": "N", "rank": "7", "name": "subject"}, {"value": "Mobile World Congress (Trade Show)", "is_major": "N", "rank": "8", "name": "subject"}, {"value": "Karzai, Hamid", "is_major": "N", "rank": "5", "name": "persons"}, {"value": "Presidential Election of 2016", "is_major": "N", "rank": "10", "name": "subject"}, {"value": "Polls and Public Opinion", "is_major": "N", "rank": "2", "name": "subject"}, {"value": "Obama, Barack", "is_major": "N", "rank": "6", "name": "persons"}, {"value": "Afghanistan", "is_major": "N", "rank": "4", "name": "glocations"}, {"value": "Afghanistan War (2001- )", "is_major": "N", "rank": "9", "name": "subject"}], "lead_paragraph": "Former first lady Hillary Clinton is the popular choice among Democrats in a New York Times/CBS News poll. Also on the Minute, the future for troops in Afghanistan and the growing trend of \"phablets.\"", "pub_date": "2014-02-26T12:07:56Z"}
{"headline": "U.S. Senate Leader Reid Blasts Koch Brothers Over Obamacare Ads", "keywords": [], "lead_paragraph": "U.S. Senate Majority Leader Harry Reid accused the billionaire Koch brothers on Wednesday of being 'un-American\" for spreading headline-grabbing \"lies\" about President Barack Obama's healthcare law.", "pub_date": "2014-02-26T13:01:21Z"}
{"headline": "Army Removes 588 Troops From Sensitive Jobs", "keywords": [], "lead_paragraph": "The Army removed 588 soldiers from sensitive jobs such as sexual assault counselors and recruiters after finding they had committed infractions such as sexual assault, child abuse and drunken driving, officials said Wednesday.", "pub_date": "2014-02-26T15:58:31Z"}
{"headline": "Insight-China's Assertiveness Hardens Malaysian Stance in Sea Dispute", "keywords": [], "lead_paragraph": "The submerged reef would be easy to miss, under turquoise seas about 80 km (50 miles) off Malaysia's Borneo island state of Sarawak.", "pub_date": "2014-02-26T16:02:39Z"}
{"headline": "NATO Chief Still Hopes to Salvage New Afghan Mission", "keywords": [], "lead_paragraph": "NATO's chief said on Wednesday he still hoped plans to keep troops in Afghanistan beyond this year could be salvaged despite objections by President Hamid Karzai that have called the mission into question.", "pub_date": "2014-02-26T16:21:39Z"}
{"headline": "Business Highlights", "keywords": [], "lead_paragraph": "", "pub_date": "2014-02-26T17:14:32Z"}
{"headline": "G.O.P., Though Deeply Split, Has Election Edge, Poll Shows", "keywords": [{"value": "Elections, Senate", "is_major": "N", "rank": "5", "name": "subject"}, {"value": "Republican Party", "is_major": "N", "rank": "9", "name": "organizations"}, {"value": "Boehner, John A", "is_major": "N", "rank": "7", "name": "persons"}, {"value": "United States", "is_major": "Y", "rank": "6", "name": "glocations"}, {"value": "Obama, Barack", "is_major": "N", "rank": "3", "name": "persons"}, {"value": "Presidential Election of 2016", "is_major": "N", "rank": "8", "name": "subject"}, {"value": "Democratic Party", "is_major": "N", "rank": "10", "name": "organizations"}, {"value": "Polls and Public Opinion", "is_major": "Y", "rank": "1", "name": "subject"}, {"value": "United States Politics and Government", "is_major": "N", "rank": "2", "name": "subject"}, {"value": "Elections, House of Representatives", "is_major": "N", "rank": "4", "name": "subject"}], "lead_paragraph": "Though most Americans agree more with Democratic policy positions, the Republican Party is benefiting from the support of self-described independents.", "pub_date": "2014-02-27T00:00:00Z"}
{"headline": "Hard Talk Aside, Little Desire by the West to Leave Afghanistan", "keywords": [{"value": "Karzai, Hamid", "is_major": "N", "rank": "5", "name": "persons"}, {"value": "United States Defense and Military Forces", "is_major": "N", "rank": "1", "name": "subject"}, {"value": "Taliban", "is_major": "Y", "rank": "8", "name": "organizations"}, {"value": "United States International Relations", "is_major": "N", "rank": "6", "name": "subject"}, {"value": "Afghanistan", "is_major": "N", "rank": "7", "name": "glocations"}, {"value": "North Atlantic Treaty Organization", "is_major": "Y", "rank": "3", "name": "organizations"}, {"value": "Afghanistan War (2001- )", "is_major": "Y", "rank": "2", "name": "subject"}, {"value": "Obama, Barack", "is_major": "N", "rank": "4", "name": "persons"}], "lead_paragraph": "While President Obama and NATO officials have talked of a withdrawal by year\u2019s end, Western officials worry that swaths of the country would fall back under Taliban control.", "pub_date": "2014-02-27T00:00:00Z"}
{"headline": "Obama\u2019s Pipeline", "keywords": [{"value": "Environmental Resources Management", "is_major": "N", "rank": "11", "name": "organizations"}, {"value": "Lobbying and Lobbyists", "is_major": "N", "rank": "5", "name": "subject"}, {"value": "Environment", "is_major": "Y", "rank": "9", "name": "subject"}, {"value": "United States", "is_major": "N", "rank": "7", "name": "glocations"}, {"value": "Obama, Barack", "is_major": "N", "rank": "6", "name": "persons"}, {"value": "Conflicts of Interest", "is_major": "N", "rank": "3", "name": "subject"}, {"value": "Environmental Protection Agency", "is_major": "N", "rank": "8", "name": "organizations"}, {"value": "Oil (Petroleum) and Gasoline", "is_major": "N", "rank": "10", "name": "subject"}, {"value": "Keystone Pipeline System", "is_major": "Y", "rank": "1", "name": "subject"}, {"value": "Greenhouse Gas Emissions", "is_major": "N", "rank": "2", "name": "subject"}, {"value": "TransCanada Corporation", "is_major": "N", "rank": "4", "name": "organizations"}], "lead_paragraph": "Keystone XL shows how business still drives environmental policy.", "pub_date": "2014-02-27T00:00:00Z"}
{"headline": "How the Poll Was Conducted", "keywords": [{"value": "Elections, Senate", "is_major": "N", "rank": "5", "name": "subject"}, {"value": "Polls and Public Opinion", "is_major": "N", "rank": "1", "name": "subject"}, {"value": "United States Politics and Government", "is_major": "N", "rank": "3", "name": "subject"}, {"value": "Obama, Barack", "is_major": "N", "rank": "2", "name": "persons"}, {"value": "Elections, House of Representatives", "is_major": "N", "rank": "4", "name": "subject"}], "lead_paragraph": "The latest New York Times/CBS News Poll is based on telephone interviews conducted Feb. 19 through Feb. 23 with 1,644 adults throughout the United States.", "pub_date": "2014-02-27T00:00:00Z"}
{"headline": "Today in History", "keywords": [], "lead_paragraph": "Today is Thursday, Feb. 27, the 58th day of 2014. There are 307 days left in the year.", "pub_date": "2014-02-27T00:01:35Z"}
{"headline": "Republican Factions Split Over Arizona Bill", "keywords": [], "lead_paragraph": "Gov. Jan Brewer's veto of a bill allowing businesses to refuse service to gays exposed a fracture within the Republican Party between social conservatives and the GOP's pro-business wing, a split that Democrats hope to turn into a midterm election campaign issue.", "pub_date": "2014-02-27T02:46:22Z"}
{"headline": "NATO to Plan for All Options in Afghanistan, Including Pullout", "keywords": [], "lead_paragraph": "NATO defense ministers agreed on Thursday to plan for all options for the alliance's future presence in Afghanistan including a possible pullout of all its troops this year, NATO chief Anders Fogh Rasmussen said.", "pub_date": "2014-02-27T08:04:22Z"}
{"headline": "Congressman Ed Pastor Won't Run for Re-election", "keywords": [], "lead_paragraph": "U.S. Rep. Ed Pastor, a Democrat who is the senior member of Arizona's House delegation, announced Thursday that he will retire at the end of his current term.", "pub_date": "2014-02-27T14:32:43Z"}
{"headline": "Health Law Fix for State-Run Websites", "keywords": [], "lead_paragraph": "The Obama administration quietly issued a health law fix Thursday to help states that have had technical problems running their own enrollment websites. It could stir up critics but may help the law's supporters.", "pub_date": "2014-02-27T19:50:18Z"}
{"headline": "Obama Starts Initiative for Young Black Men, Noting His Own Experience", "keywords": [{"value": "Obama, Barack", "is_major": "Y", "rank": "1", "name": "persons"}, {"value": "Men and Boys", "is_major": "Y", "rank": "3", "name": "subject"}, {"value": "Blacks", "is_major": "Y", "rank": "2", "name": "subject"}], "lead_paragraph": "President Obama\u2019s My Brother\u2019s Keeper effort is aimed at finding ways for business and civic leaders to help keep young black men and other men of color on a successful course.", "pub_date": "2014-02-28T00:00:00Z"}
{"headline": "No Big Deal", "keywords": [{"value": "Trans-Pacific Partnership", "is_major": "N", "rank": "5", "name": "subject"}, {"value": "International Trade and World Market", "is_major": "Y", "rank": "1", "name": "subject"}, {"value": "Copyrights and Copyright Violations", "is_major": "N", "rank": "3", "name": "subject"}, {"value": "United States Politics and Government", "is_major": "N", "rank": "2", "name": "subject"}, {"value": "Obama, Barack", "is_major": "Y", "rank": "4", "name": "persons"}], "lead_paragraph": "Talks are stalled on an international trade deal, thanks to negotiating difficulties abroad and bipartisan skepticism at home. But that\u2019s O.K.", "pub_date": "2014-02-28T00:00:00Z"}
{"headline": "Today in History", "keywords": [], "lead_paragraph": "Today is Friday, Feb. 28, the 59th day of 2014. There are 306 days left in the year.", "pub_date": "2014-02-28T00:00:41Z"}
{"headline": "U.S. Staring Contest With Japan Stretches Out Pacific Trade Pact", "keywords": [], "lead_paragraph": "A standoff between the United States and Japan is holding up talks on a sweeping Pacific free trade pact and a lack of authority to push an eventual deal through the U.S. Congress without amendment may be undercutting Washington's hand.", "pub_date": "2014-02-28T01:01:27Z"}
{"headline": "Tea Party Ready for Fight With GOP Establishment", "keywords": [], "lead_paragraph": "Tea partyers insist they're not to blame for Republican election losses in congressional and presidential elections, faulting the GOP establishment for showing little fight.", "pub_date": "2014-02-28T03:32:48Z"}
{"headline": "Troubled State-Run Websites Get Health Law Fix", "keywords": [], "lead_paragraph": "States that have experienced technical problems running their own health care enrollment websites are getting some help from the Obama administration.", "pub_date": "2014-02-28T03:49:56Z"}
{"headline": "Obama Could Pull Russia Trip Amid Ukraine Tumult", "keywords": [], "lead_paragraph": "U.S. officials said Friday that President Barack Obama may scrap plans to attend an international summit in Russia this summer and could also halt discussions on deepening trade ties with Moscow, raising specific possible consequences if Russia should intervene in Ukraine. Obama himself bluntly warned of unspecified \"costs\" for Russia.", "pub_date": "2014-02-28T15:49:25Z"}
{"headline": "Obama Group Fires Fundraiser Over Dubious Donation", "keywords": [], "lead_paragraph": "Organizing for Action, a group formed to back President Barack Obama's agenda, has fired one of its fundraisers and acknowledged falling short of its standards as questions were raised Friday about whether the group solicited donations in exchange for access to Obama or White House officials.", "pub_date": "2014-02-28T17:42:56Z"}
{"headline": "What Is Russia\u2019s Aim in Ukraine?", "keywords": [{"value": "International Relations", "is_major": "N", "rank": "5", "name": "subject"}, {"value": "Putin, Vladimir V", "is_major": "Y", "rank": "1", "name": "persons"}, {"value": "Editorials", "is_major": "Y", "rank": "8", "name": "subject"}, {"value": "Yanukovych, Viktor F", "is_major": "Y", "rank": "6", "name": "persons"}, {"value": "Russia", "is_major": "Y", "rank": "9", "name": "glocations"}, {"value": "Obama, Barack", "is_major": "N", "rank": "7", "name": "persons"}, {"value": "Ukraine", "is_major": "Y", "rank": "3", "name": "glocations"}, {"value": "Crimea (Ukraine)", "is_major": "N", "rank": "2", "name": "glocations"}, {"value": "Defense and Military Forces", "is_major": "N", "rank": "4", "name": "subject"}], "lead_paragraph": "Mr. Putin\u2019s reported tactics in Crimea are sure to backfire.", "pub_date": "2014-03-01T00:00:00Z"}
{"headline": "End of an Era? Clinton Media Strategy May Be Due for an Overhaul", "keywords": [{"value": "Reines, Philippe I", "is_major": "N", "rank": "5", "name": "persons"}, {"value": "Presidential Election of 2016", "is_major": "Y", "rank": "7", "name": "subject"}, {"value": "Clinton, Bill", "is_major": "N", "rank": "3", "name": "persons"}, {"value": "State Department", "is_major": "N", "rank": "6", "name": "organizations"}, {"value": "United States Politics and Government", "is_major": "Y", "rank": "1", "name": "subject"}, {"value": "Clinton, Hillary Rodham", "is_major": "Y", "rank": "2", "name": "persons"}, {"value": "News and News Media", "is_major": "Y", "rank": "4", "name": "subject"}], "lead_paragraph": "Hillary Rodham Clinton outlasted many of her old combatants from the 1990s and as a senator faced a new wave of reporters unfamiliar with the earlier media battles.", "pub_date": "2014-03-01T00:00:00Z"}
{"headline": "Obama Warns Putin Against Military Intervention in Ukraine", "keywords": [], "lead_paragraph": "U.S. President Barack Obama has warned Russia against any military intervention in Ukraine after the country's new leaders accused Moscow of deploying forces in the Crimea region.", "pub_date": "2014-03-01T01:15:32Z"}
{"headline": "Russian Troops Take Over Ukraine's Crimea Region", "keywords": [], "lead_paragraph": "Russian troops took over the strategic Crimean peninsula Saturday without firing a shot. The newly installed government in Kiev was powerless to react, and despite calls by U.S. President Barack Obama for Russia to pull back its forces, Western governments had few options to counter Russia's military moves.", "pub_date": "2014-03-01T01:53:16Z"}
{"headline": "US Calls on Russia to Withdraw Forces From Ukraine", "keywords": [], "lead_paragraph": "President Barack Obama on Saturday called on Russian President Vladimir Putin to de-escalate the tense atmosphere in Ukraine by pulling his forces back to bases in the country's Crimean region and to refrain from interfering elsewhere in the former Soviet republic.", "pub_date": "2014-03-01T03:32:33Z"}
{"headline": "March 1 Updates on Ukraine Crisis", "keywords": [{"value": "Putin, Vladimir V", "name": "persons", "rank": "1"}, {"value": "Ukraine", "name": "glocations", "rank": "3"}, {"value": "Russia", "name": "glocations", "rank": "2"}, {"value": "Crimea (Ukraine)", "name": "glocations", "rank": "1"}], "lead_paragraph": null, "pub_date": "2014-03-01T11:44:12Z"}
{"headline": "Writers on the Left", "keywords": [{"value": "Larsson, Stieg", "is_major": "Y", "rank": "5", "name": "persons"}, {"value": "Books and Literature", "is_major": "Y", "rank": "1", "name": "subject"}, {"value": "Cockburn, Alexander", "is_major": "Y", "rank": "7", "name": "persons"}, {"value": "Gallagher, Dorothy", "is_major": "Y", "rank": "6", "name": "persons"}], "lead_paragraph": "New books by Dorothy Gallagher, Stieg Larsson and Alexander Cockburn.", "pub_date": "2014-03-02T00:00:00Z"}
{"headline": "Making Russia Pay? It\u2019s Not So Simple", "keywords": [{"value": "United States International Relations", "is_major": "N", "rank": "5", "name": "subject"}, {"value": "United States", "is_major": "N", "rank": "3", "name": "glocations"}, {"value": "Ukraine", "is_major": "Y", "rank": "1", "name": "glocations"}, {"value": "Russia", "is_major": "Y", "rank": "2", "name": "glocations"}, {"value": "Obama, Barack", "is_major": "Y", "rank": "4", "name": "persons"}], "lead_paragraph": "President Obama has warned Russia that \u201cthere will be costs\u201d for a military intervention in Ukraine. But the U.S. has few options for imposing such costs, and recent history has shown that Russia has been willing to absorb any such fallout.", "pub_date": "2014-03-02T00:00:00Z"}
{"headline": "With Vacancies High, G.O.P. Primaries in Texas Set Up a Scramble to the Right", "keywords": [{"value": "Perry, Rick", "is_major": "Y", "rank": "5", "name": "persons"}, {"value": "Cornyn, John", "is_major": "N", "rank": "8", "name": "persons"}, {"value": "Texas", "is_major": "Y", "rank": "1", "name": "glocations"}, {"value": "Primaries and Caucuses", "is_major": "N", "rank": "3", "name": "subject"}, {"value": "Elections, Governors", "is_major": "N", "rank": "4", "name": "subject"}, {"value": "Bush, George Prescott", "is_major": "N", "rank": "7", "name": "persons"}, {"value": "Republican Party", "is_major": "N", "rank": "2", "name": "organizations"}, {"value": "Cruz, Ted", "is_major": "Y", "rank": "6", "name": "persons"}], "lead_paragraph": "With Gov. Rick Perry leaving office and Senator Ted Cruz ascendant, the races have taken on a no-rules tenor amid a barrage of fiery attack ads and accusations.", "pub_date": "2014-03-02T00:00:00Z"}
{"headline": "A History Lesson That Needs Relearning", "keywords": [{"value": "Ukraine", "is_major": "Y", "rank": "5", "name": "glocations"}, {"value": "Russia", "is_major": "Y", "rank": "7", "name": "glocations"}, {"value": "Putin, Vladimir V", "is_major": "N", "rank": "3", "name": "persons"}, {"value": "United States International Relations", "is_major": "N", "rank": "6", "name": "subject"}, {"value": "Cold War Era", "is_major": "Y", "rank": "1", "name": "subject"}, {"value": "Obama, Barack", "is_major": "Y", "rank": "2", "name": "persons"}, {"value": "United States Defense and Military Forces", "is_major": "N", "rank": "4", "name": "subject"}], "lead_paragraph": "The Cold War was less a carefully structured game between masters than a frightening high-wire act.", "pub_date": "2014-03-02T00:00:00Z"}
{"headline": "World Scrambles as Russia Tightens Grip on Crimea", "keywords": [], "lead_paragraph": "Warning that it was \"on the brink of disaster,\" Ukraine put its military on high alert Sunday and appealed for international help to avoid what it feared was the possibility of a wider invasion by Russia.", "pub_date": "2014-03-02T03:40:05Z"}
{"headline": "Kerry Condemns Russia's 'Incredible Act of Aggression' in Ukraine", "keywords": [], "lead_paragraph": "U.S. Secretary of State John Kerry on Sunday condemned Russia's \"incredible act of aggression\" in Ukraine and threatened economic sanctions by the United States and allies to isolate Moscow, but called for a peaceful resolution to the crisis.", "pub_date": "2014-03-02T09:12:26Z"}
{"headline": "Kerry to Visit Ukraine, Military Options Not U.S. Focus", "keywords": [], "lead_paragraph": "The United States on Sunday said it will send its top diplomat to Kiev in a show of support and threatened economic sanctions against Russia but made clear it is not seriously considering military action over Ukraine.", "pub_date": "2014-03-02T13:23:37Z"}
{"headline": "Oscars 2014: '12 Years A Slave' Is Best Picture and 'Gravity' Wins Seven Awards", "keywords": [], "lead_paragraph": null, "pub_date": "2014-03-02T15:26:56Z"}
{"headline": "For Oil Traders, a Vexing New Risk: U.S. Politics", "keywords": [], "lead_paragraph": "Oil traders are past masters at handicapping geo-political risks, from war in the Middle East to resource nationalists in Latin America. Lately, they face another confounding political landscape: Washington.", "pub_date": "2014-03-02T16:35:58Z"}
{"headline": "Russian Markets Plunge as Putin Tightens Crimea Grip", "keywords": [], "lead_paragraph": "Russia paid a heavy financial price on Monday for its military intervention in neighboring Ukraine, with stocks, bonds and the ruble plunging as President Vladimir Putin's forces tightened their grip on the Russian-speaking Crimea region.", "pub_date": "2014-03-03T02:21:03Z"}
{"headline": "Russia Sets Ukraine Agenda With Diplomacy, Threats", "keywords": [], "lead_paragraph": "Russian troops said to be 16,000 strong tightened their stranglehold on Ukraine's Crimean Peninsula Monday, openly defying the U.S. and the European Union and rattling world capitals and stock markets.", "pub_date": "2014-03-03T03:43:10Z"}
{"headline": "Russian Markets Plunge as Putin Tightens Crimea Grip", "keywords": [], "lead_paragraph": "Russia paid a heavy financial price on Monday for its military intervention in neighbouring Ukraine, with stocks, bonds and the rouble plunging as President Vladimir Putin's forces tightened their grip on the Russian-speaking Crimea region.", "pub_date": "2014-03-03T04:44:53Z"}
{"headline": "U.S. Prepares Sanctions Against Russia, No Decision Yet", "keywords": [], "lead_paragraph": "The United States is preparing to impose sanctions on Russia for its military intervention in Ukraine's Crimea region although no decisions have yet been made, the U.S. State Department said on Monday.", "pub_date": "2014-03-03T13:33:19Z"}
{"headline": "Behind U.S. Budget Cease-Fire, the Same Festering Problems", "keywords": [], "lead_paragraph": "When he releases his budget proposal on Tuesday, President Barack Obama will be able to celebrate the smallest deficit since he took office in 2009. He also will be able to enjoy a cease-fire in the fiscal battles that have paralyzed Washington for the past three years.", "pub_date": "2014-03-03T15:22:35Z"}
{"headline": "Invasion of Ukraine Isn't Putin's Only Option", "keywords": [], "lead_paragraph": "President Vladimir Putin knows there is little the West can do to get him to reverse his mobilization in Crimea, or to stop him from sending additional troops into other parts of Ukraine. But trade sanctions against Russia could be painful, and there are ways for him to get what he wants &#8212; keeping Ukraine from slipping out of his grasp &#8212; without ratcheting up the military pressure.", "pub_date": "2014-03-03T17:21:55Z"}
{"headline": "From Politics to Advising Microsoft\u2019s Chief, Not Without Noise", "keywords": [{"value": "Appointments and Executive Changes", "is_major": "N", "rank": "3", "name": "subject"}, {"value": "Microsoft Corporation", "is_major": "Y", "rank": "1", "name": "organizations"}, {"value": "Penn, Mark", "is_major": "Y", "rank": "2", "name": "persons"}], "lead_paragraph": "Mark Penn has spent years spinning for politicians. Now his own career is the subject of spin at Microsoft, where he has been named chief strategy officer.", "pub_date": "2014-03-04T00:00:00Z"}
{"headline": "Obama Budget Would Expand Low-Income Tax Break", "keywords": [{"value": "Obama, Barack", "is_major": "N", "rank": "5", "name": "persons"}, {"value": "Poverty", "is_major": "Y", "rank": "7", "name": "subject"}, {"value": "Income Inequality", "is_major": "Y", "rank": "3", "name": "subject"}, {"value": "Labor and Jobs", "is_major": "N", "rank": "6", "name": "subject"}, {"value": "Federal Budget (US)", "is_major": "Y", "rank": "1", "name": "subject"}, {"value": "Federal Taxes (US)", "is_major": "N", "rank": "2", "name": "subject"}, {"value": "Tax Credits, Deductions and Exemptions", "is_major": "Y", "rank": "4", "name": "subject"}], "lead_paragraph": "President Obama will propose expanding a tax break for workers who are childless, which the White House estimates will help 13.5 million Americans who hold jobs yet remain poor.", "pub_date": "2014-03-04T00:00:00Z"}
{"headline": "Asian Shares Turn Up on Hopes of Peaceful Ukraine Solution", "keywords": [], "lead_paragraph": "Asian shares turned higher and the safe-haven yen drooped on Tuesday, after Russia's president ordered troops in military exercises in central and western Russia to return to base, raising hopes that a peaceful solution might be reached.", "pub_date": "2014-03-04T02:07:06Z"}
{"headline": "Putin Talks Tough but Cools Tensions Over Ukraine", "keywords": [], "lead_paragraph": "Stepping back from the brink of war, Vladimir Putin talked tough but cooled tensions in the Ukraine crisis Tuesday, saying Russia has no intention \"to fight the Ukrainian people\" but reserves the right to use force.", "pub_date": "2014-03-04T02:23:00Z"}
{"headline": "Putin: Military Force Would Be 'Last Resort' in Ukraine", "keywords": [], "lead_paragraph": "President Vladimir Putin delivered a robust defense of Russia's actions in Crimea and said on Tuesday that he would use force in Ukraine only as a last resort, easing market fears that East-West tension over the former Soviet republic could lead to war.", "pub_date": "2014-03-04T02:52:12Z"}
{"headline": "Putin: Military Force Would Be 'Last Resort' in Ukraine", "keywords": [], "lead_paragraph": "President Vladimir Putin delivered a robust defence of Russia's actions in Crimea and said on Tuesday that he would use force in Ukraine only as a last resort, easing market fears that East-West tension over the former Soviet republic could lead to war.", "pub_date": "2014-03-04T02:54:35Z"}
{"headline": "Kremlin Aide Warns US of Response if Sanctions Imposed: RIA", "keywords": [], "lead_paragraph": "A Kremlin aide was quoted on Tuesday as saying that if the United States were to impose sanctions on Russia over Ukraine, Moscow might be forced to drop the dollar as a reserve currency and refuse to pay off any loans to U.S. banks.", "pub_date": "2014-03-04T03:11:10Z"}
{"headline": "German Home-School Family Won't Be Deported", "keywords": [], "lead_paragraph": "An attorney for a German couple who lost their bid for U.S. asylum in order to home-school their seven children says deportation proceedings against the family have been deferred indefinitely.", "pub_date": "2014-03-04T15:29:09Z"}
{"headline": "Analysis: Obama Budget Tries to Have It Both Ways", "keywords": [], "lead_paragraph": "President Barack Obama tried to have it both ways Tuesday with an election-year budget that paid faint lip service to reducing federal deficits, then piled on about $1 trillion in tax increases and hundreds of billions in higher spending designed to appeal to economically squeezed voters rather than congressional foes of red ink.", "pub_date": "2014-03-04T16:34:44Z"}
{"headline": "A Rational Response to Ukraine\u2019s Crisis", "keywords": [{"value": "Ukraine", "is_major": "Y", "rank": "11", "name": "glocations"}, {"value": "Editorials", "is_major": "Y", "rank": "12", "name": "subject"}, {"value": "Defense and Military Forces", "is_major": "N", "rank": "5", "name": "subject"}, {"value": "Crimea (Ukraine)", "is_major": "N", "rank": "1", "name": "glocations"}, {"value": "Russia", "is_major": "Y", "rank": "8", "name": "glocations"}, {"value": "Embargoes and Economic Sanctions", "is_major": "N", "rank": "6", "name": "subject"}, {"value": "Europe", "is_major": "N", "rank": "9", "name": "glocations"}, {"value": "International Relations", "is_major": "N", "rank": "7", "name": "subject"}, {"value": "Obama, Barack", "is_major": "Y", "rank": "3", "name": "persons"}, {"value": "Putin, Vladimir V", "is_major": "N", "rank": "2", "name": "persons"}, {"value": "United States", "is_major": "N", "rank": "10", "name": "glocations"}, {"value": "United States International Relations", "is_major": "N", "rank": "4", "name": "subject"}], "lead_paragraph": "Isolation and economic pressure will be more effective against Russia than saber-rattling.", "pub_date": "2014-03-05T00:00:00Z"}
{"headline": "No Easy Way Out of Ukraine Crisis", "keywords": [{"value": "Ukraine", "is_major": "Y", "rank": "5", "name": "glocations"}, {"value": "United States International Relations", "is_major": "N", "rank": "1", "name": "subject"}, {"value": "Obama, Barack", "is_major": "Y", "rank": "6", "name": "persons"}, {"value": "Russia", "is_major": "Y", "rank": "3", "name": "glocations"}, {"value": "Putin, Vladimir V", "is_major": "Y", "rank": "2", "name": "persons"}, {"value": "Crimea (Ukraine)", "is_major": "Y", "rank": "4", "name": "glocations"}], "lead_paragraph": "White House officials are weighing their options, knowing that reversing the occupation of Crimea would be difficult, if not impossible, in the short run.", "pub_date": "2014-03-05T00:00:00Z"}
{"headline": "Group Close to Obama Says It Erred on Donation", "keywords": [{"value": "Ethics (Institutional)", "is_major": "N", "rank": "4", "name": "subject"}, {"value": "Organizing for Action", "is_major": "Y", "rank": "2", "name": "organizations"}, {"value": "Carson, Jon", "is_major": "N", "rank": "5", "name": "persons"}, {"value": "Maltzman, Samantha", "is_major": "N", "rank": "7", "name": "persons"}, {"value": "Campaign Finance", "is_major": "N", "rank": "1", "name": "subject"}, {"value": "Kazmir, Munr", "is_major": "N", "rank": "6", "name": "persons"}, {"value": "Obama, Barack", "is_major": "Y", "rank": "3", "name": "persons"}], "lead_paragraph": "The group, Organizing for Action, also said that on three occasions its fund-raisers or other employees had tried to steer potentially controversial donations to allied liberal groups that did not disclose their donors.", "pub_date": "2014-03-05T00:00:00Z"}
{"headline": "Japan's Embrace of Russia Under Threat With Ukraine Crisis", "keywords": [], "lead_paragraph": "Russia's incursion into Ukraine is setting off alarm bells in Tokyo, where officials worry that any push by Japan's Western allies to impose economic penalties will undermine its drive to improve relations with Moscow.", "pub_date": "2014-03-05T00:30:25Z"}
{"headline": "Analysis: Obama Budget Tries to Have It Both Ways", "keywords": [], "lead_paragraph": "President Barack Obama is trying to have it both ways with an election-year budget that pays faint lip service to reducing federal deficits while piling on about $1 trillion in tax increases and hundreds of billions in higher spending designed to appeal to economically squeezed voters rather than congressional foes of red ink.", "pub_date": "2014-03-05T03:32:38Z"}
{"headline": "How a Campaign Organization Became a 'Social Welfare' Group", "keywords": [{"value": "Carson, Jon", "name": "persons", "rank": "1"}, {"value": "Obama, Barack", "name": "persons", "rank": "2"}, {"value": "Organizing for Action", "name": "organizations", "rank": "1"}, {"value": "Campaign Finance", "name": "subject", "rank": "1"}], "lead_paragraph": null, "pub_date": "2014-03-05T09:47:47Z"}
{"headline": "Another Way to Do the Math for Social Security Reform", "keywords": [{"value": "Obama, Barack", "name": "persons", "rank": "1"}, {"value": "Social Security (US)", "name": "subject", "rank": "3"}, {"value": "Federal Taxes (US)", "name": "subject", "rank": "2"}, {"value": "Federal Budget (US)", "name": "subject", "rank": "1"}], "lead_paragraph": null, "pub_date": "2014-03-05T11:00:18Z"}
{"headline": "Religion News in Brief", "keywords": [], "lead_paragraph": "", "pub_date": "2014-03-05T12:07:11Z"}
{"headline": "New Mexico Governor: Tone Down Political Rhetoric", "keywords": [], "lead_paragraph": "Political opponents should tone down their harsh rhetoric and critics of President Barack Obama still need to respect his office despite political differences, New Mexico Gov. Susana Martinez said Wednesday.", "pub_date": "2014-03-05T15:52:24Z"}
{"headline": "Crimea Votes to Join Russia, Obama Orders Sanctions", "keywords": [], "lead_paragraph": "Crimea's parliament voted on Thursday to join Russia, and its Moscow-backed government set a referendum in 10 days, in a dramatic escalation of the crisis over the Ukrainian region that drew a sharp riposte from U.S. President Barack Obama.", "pub_date": "2014-03-06T02:54:55Z"}
{"headline": "Crimea Votes to Join Russia, Obama Orders Sanctions", "keywords": [], "lead_paragraph": "Crimea's parliament voted on Thursday to join Russia, and its Moscow-backed government set a referendum in 10 days, in a dramatic escalation of the crisis over the Ukrainian region that drew a sharp riposte from U.S. President Barack Obama.", "pub_date": "2014-03-06T03:53:10Z"}
{"headline": "Moscow Assets Fall as Crimea Votes to Join Russia, Obama Orders Visa Bans", "keywords": [], "lead_paragraph": "Moscow stocks fell on Thursday for the second day this week after Crimea's parliament voted to join Russia and the United States ordered an asset freeze and visa bans against those involved in Russia's military intervention in the Ukrainian region.", "pub_date": "2014-03-06T06:17:45Z"}
{"headline": "S&P 500 Ends at Record on Jobless Data; Payrolls Eyed", "keywords": [], "lead_paragraph": "U.S. stocks mostly rose on Thursday, with the S&amp;P 500 closing at yet another record on better-than-expected jobless claims data and the European Central Bank's move to keep rates unchanged.", "pub_date": "2014-03-06T07:43:41Z"}
{"headline": "A Climate Analyst Clarifies the Science Behind California's Water Woes", "keywords": [{"value": "Gillis, Justin", "name": "persons", "rank": "1"}, {"value": "Pielke, Roger Jr", "name": "persons", "rank": "4"}, {"value": "Romm, Joe", "name": "persons", "rank": "5"}, {"value": "Holdren, John P", "name": "persons", "rank": "2"}, {"value": "Obama, Barack", "name": "persons", "rank": "3"}, {"value": "North America", "name": "glocations", "rank": "2"}, {"value": "California", "name": "glocations", "rank": "1"}, {"value": "National Oceanic and Atmospheric Administration", "name": "organizations", "rank": "2"}, {"value": "Intergovernmental Panel on Climate Change", "name": "organizations", "rank": "1"}, {"value": "Global Warming", "name": "subject", "rank": "3"}, {"value": "Drought", "name": "subject", "rank": "2"}, {"value": "Rain", "name": "subject", "rank": "5"}, {"value": "Greenhouse Gas Emissions", "name": "subject", "rank": "4"}, {"value": "Weather", "name": "subject", "rank": "7"}, {"value": "Water", "name": "subject", "rank": "6"}, {"value": "Disasters and Emergencies", "name": "subject", "rank": "1"}], "lead_paragraph": null, "pub_date": "2014-03-06T07:56:26Z"}
{"headline": "Encouraging Report on US Jobs Lifts Stock Market", "keywords": [], "lead_paragraph": "Investors were looking for any reason to look past the cold weather that has hampered the U.S. economy in the last few weeks, and they found it.", "pub_date": "2014-03-06T09:25:19Z"}
{"headline": "Ukraine Ready to Use Military to Defend Itself Against Russia", "keywords": [], "lead_paragraph": "Ukraine is ready to use military force to defend itself if Russia further expands its presence on Ukrainian soil, Prime Minister Arseny Yatseniuk said on Thursday, emphasizing that Ukraine would not be made subordinate to its neighbor.", "pub_date": "2014-03-06T09:25:42Z"}
{"headline": "Putin Short of Guests at Sochi Paralympics", "keywords": [], "lead_paragraph": "When President Vladimir Putin opens the winter Paralympic Games in the Russian resort of Sochi on Friday he will be short of foreign dignitaries to greet.", "pub_date": "2014-03-06T11:59:28Z"}
{"headline": "Christie Attacks Media in Return to National Stage", "keywords": [], "lead_paragraph": "Returning to the national stage for the first time since scandal erupted in his home state, a determined New Jersey Gov. Chris Christie said Thursday that Republicans must \"take on\" the media directly as they work to improve the party's image ahead of the midterm elections.", "pub_date": "2014-03-06T12:30:27Z"}
{"headline": "U.S. Sanctions on Russia Won't Hurt Japan at Present Scope: Amari", "keywords": [], "lead_paragraph": "U.S. sanctions on Russia over its military intervention into Ukraine will not hurt the Japanese economy as they are currently constituted, Economy Minister Akira Amari said on Friday.", "pub_date": "2014-03-06T18:50:44Z"}
{"headline": "U.S. Justice Department Reviews Dispute Between CIA and Senate Panel", "keywords": [], "lead_paragraph": "The Justice Department and FBI are looking into a dispute over Senate investigators' access to what the Central Intelligence Agency regarded as highly privileged and sensitive documents about its use of \"enhanced\" interrogation techniques, sources familiar with the inquiry said on Thursday.", "pub_date": "2014-03-06T18:56:09Z"}
{"headline": "Japan PM Abe May Confer With Obama Over Ukraine: Japan Government Spokesman", "keywords": [], "lead_paragraph": "Japanese Prime Minister Shinzo Abe may confer with U.S. President Barack Obama over the phone to seek solutions to the Ukrainian crisis, Japan's top government spokesman said on Friday.", "pub_date": "2014-03-06T20:32:13Z"}
{"headline": "Obama and Japan PM Abe Spoke Over Ukraine: Japanese Media", "keywords": [], "lead_paragraph": "Japanese Prime Minister Shinzo Abe and U.S. President Barack Obama talked about the Ukrainian crisis over the phone, Japanese media on Friday.", "pub_date": "2014-03-06T23:14:23Z"}
{"headline": "Crimea Approves a Secession Vote as Tensions Rise", "keywords": [{"value": "Obama, Barack", "is_major": "N", "rank": "5", "name": "persons"}, {"value": "Russia", "is_major": "Y", "rank": "7", "name": "glocations"}, {"value": "United States International Relations", "is_major": "N", "rank": "3", "name": "subject"}, {"value": "Crimea (Ukraine)", "is_major": "Y", "rank": "6", "name": "glocations"}, {"value": "Ukraine", "is_major": "Y", "rank": "1", "name": "glocations"}, {"value": "Embargoes and Economic Sanctions", "is_major": "N", "rank": "2", "name": "subject"}, {"value": "Putin, Vladimir V", "is_major": "N", "rank": "4", "name": "persons"}], "lead_paragraph": "The State Department imposed a ban on visas for people who have taken steps to undermine Ukraine\u2019s territorial integrity, and Russia vowed to reciprocate.", "pub_date": "2014-03-07T00:00:00Z"}
{"headline": "Back in Spotlight, Christie Offers G.O.P. Subtle Advice", "keywords": [{"value": "Presidential Election of 2016", "is_major": "Y", "rank": "5", "name": "subject"}, {"value": "Conservative Political Action Conference", "is_major": "Y", "rank": "3", "name": "organizations"}, {"value": "New Jersey", "is_major": "N", "rank": "6", "name": "glocations"}, {"value": "Christie, Christopher J", "is_major": "Y", "rank": "1", "name": "persons"}, {"value": "Conservatism (US Politics)", "is_major": "N", "rank": "2", "name": "subject"}, {"value": "Republican Party", "is_major": "N", "rank": "4", "name": "organizations"}], "lead_paragraph": "At the Conservative Political Action Conference, Gov. Chris Christie of New Jersey urged the Republican Party to broaden its electoral appeal.", "pub_date": "2014-03-07T00:00:00Z"}
{"headline": "One Last Dance in the Old Place", "keywords": [{"value": "Art", "is_major": "Y", "rank": "1", "name": "subject"}, {"value": "Whitney Museum of American Art", "is_major": "Y", "rank": "3", "name": "organizations"}, {"value": "Whitney Biennial", "is_major": "Y", "rank": "2", "name": "subject"}], "lead_paragraph": "The 2014 Whitney Biennial survey of American art features 103 participants, reflecting some interesting choices, some new faces and three quite different shows under one roof.", "pub_date": "2014-03-07T00:00:00Z"}
{"headline": "Bipartisan on Drug Reform", "keywords": [{"value": "Republican Party", "is_major": "N", "rank": "4", "name": "organizations"}, {"value": "Drug Abuse and Traffic", "is_major": "N", "rank": "2", "name": "subject"}, {"value": "Obama, Barack", "is_major": "N", "rank": "5", "name": "persons"}, {"value": "House of Representatives", "is_major": "N", "rank": "7", "name": "organizations"}, {"value": "Sentences (Criminal)", "is_major": "N", "rank": "1", "name": "subject"}, {"value": "Senate", "is_major": "N", "rank": "6", "name": "organizations"}, {"value": "Democratic Party", "is_major": "N", "rank": "3", "name": "organizations"}], "lead_paragraph": "Brandon Levey of the Criminal Justice Policy Foundation responds to a news article about reform of drug sentencing laws.", "pub_date": "2014-03-07T00:00:00Z"}
{"headline": "Abbas: No Recognition of Israel as Jewish State", "keywords": [], "lead_paragraph": "Palestinian President Mahmoud Abbas said there is \"no way\" he will recognize Israel as a Jewish state and accept a Palestinian capital in just a portion of Israeli-annexed east Jerusalem, rebuffing what Palestinians fear will be key elements of a U.S. peace proposal.", "pub_date": "2014-03-07T05:30:52Z"}
{"headline": "S&P 500 Ends at Another Record After Strong Jobs Data", "keywords": [], "lead_paragraph": "U.S. stocks finished mostly higher on Friday, with the S&amp;P 500 closing at a record after more jobs than expected were created in February and January's figure was revised higher.", "pub_date": "2014-03-07T07:46:33Z"}
{"headline": "US Stocks Muddled as Ukraine Tensions Fester", "keywords": [], "lead_paragraph": "One positive report on the economy was not enough to make investors more confident.", "pub_date": "2014-03-07T09:17:06Z"}
{"headline": "France Hints at Aero, Nuclear Deals During Xi Visit", "keywords": [], "lead_paragraph": "France expressed optimism on Friday over its ties with China in nuclear energy and aerospace in a sign of possible business deals when China's Xi Jinping makes his first trip as president to Europe in late March.", "pub_date": "2014-03-07T11:07:31Z"}
{"headline": "Dalai Lama: China 'Great' but Gov't 'Harmful'", "keywords": [], "lead_paragraph": "The Dalai Lama called China a \"great nation\" but criticized its governmental system as \"harmful\" during an address Friday at Washington's National Cathedral", "pub_date": "2014-03-07T12:52:02Z"}
{"headline": "Jobs at a Turning Point", "keywords": [{"value": "Republican Party", "is_major": "N", "rank": "4", "name": "organizations"}, {"value": "Labor and Jobs", "is_major": "Y", "rank": "2", "name": "subject"}, {"value": "Democratic Party", "is_major": "N", "rank": "5", "name": "organizations"}, {"value": "Infrastructure (Public Works)", "is_major": "N", "rank": "7", "name": "subject"}, {"value": "Unemployment", "is_major": "N", "rank": "1", "name": "subject"}, {"value": "Editorials", "is_major": "Y", "rank": "8", "name": "subject"}, {"value": "Obama, Barack", "is_major": "N", "rank": "6", "name": "persons"}, {"value": "United States Economy", "is_major": "Y", "rank": "3", "name": "subject"}], "lead_paragraph": "The employment rate will not improve on its own, but there is little help in sight from policy makers.", "pub_date": "2014-03-08T00:00:00Z"}
{"headline": "Russia Reinforces Military Presence in Crimea", "keywords": [], "lead_paragraph": "Dozens of military trucks transporting heavily armed soldiers rumbled over Crimea's rutted roads Saturday as Russia reinforced its armed presence on the disputed peninsula in the Black Sea. Moscow's foreign minister ruled out any dialogue with Ukraine's new authorities, whom he dismissed as the puppets of extremists.", "pub_date": "2014-03-08T04:05:17Z"}
{"headline": "Crimean PM Says 'No One' Can Cancel Referendum on Joining Russia", "keywords": [], "lead_paragraph": "The pro-Russia prime minister of Ukraine's Crimea peninsula has defended a decision to hold a referendum on whether the region should join Russia, saying on Saturday that \"no one\" could cancel the voting.", "pub_date": "2014-03-08T07:09:50Z"}
{"headline": "Warning Shots Fired to Turn Monitors Back From Crimea", "keywords": [], "lead_paragraph": "Shots were fired in Crimea to warn off an unarmed international team of monitors and at a Ukrainian observation plane, as the standoff between occupying Russian forces and besieged Ukrainian troops intensified.", "pub_date": "2014-03-08T08:08:14Z"}
{"headline": "Warning Shots Fired to Turn Monitors Back From Crimea", "keywords": [], "lead_paragraph": "Shots were fired in Crimea to warn off an unarmed international team of monitors and at a Ukrainian observation plane, as the standoff between occupying Russian forces and besieged Ukrainian troops intensified.", "pub_date": "2014-03-08T08:09:06Z"}
{"headline": "Texas Voters Seem to Have Kicked One Habit", "keywords": [{"value": "Richards, Ann", "is_major": "N", "rank": "4", "name": "persons"}, {"value": "Elections, Governors", "is_major": "N", "rank": "2", "name": "subject"}, {"value": "Madrigal, Reynaldo", "is_major": "N", "rank": "5", "name": "persons"}, {"value": "Texas", "is_major": "N", "rank": "1", "name": "glocations"}, {"value": "Davis, Wendy", "is_major": "N", "rank": "3", "name": "persons"}], "lead_paragraph": "The results in the recent Democratic primary may or may not bode well for Senator Wendy Davis, but the day\u2019s turnout did establish one thing.", "pub_date": "2014-03-09T00:00:00Z"}
{"headline": "Today in History", "keywords": [], "lead_paragraph": "Today is Sunday, March 9, the 68th day of 2014. There are 297 days left in the year.", "pub_date": "2014-03-09T00:00:46Z"}
{"headline": "Merkel Raps Putin as Russian Forces Tighten Grip on Crimea", "keywords": [], "lead_paragraph": "Germany's Angela Merkel delivered a rebuke to President Vladimir Putin on Sunday, telling him that a planned Moscow-backed referendum on whether Crimea should join Russia was illegal and violated Ukraine's constitution.", "pub_date": "2014-03-09T06:08:20Z"}
{"headline": "Merkel Raps Putin as Russian Forces Tighten Grip on Crimea", "keywords": [], "lead_paragraph": "Germany's Angela Merkel delivered a rebuke to President Vladimir Putin on Sunday, telling him that a planned Moscow-backed referendum on whether Crimea should join Russia was illegal and violated Ukraine's constitution.", "pub_date": "2014-03-09T06:15:04Z"}
{"headline": "Putin Defends Separatist Drive in Crimea as Legal", "keywords": [], "lead_paragraph": "Russian President Vladimir Putin on Sunday defended the separatist drive in the disputed Crimean Peninsula as in keeping with international law, but Ukraine's prime minister vowed not to relinquish \"a single centimeter\" of his country's territory.", "pub_date": "2014-03-09T08:31:24Z"}
{"headline": "Rand Paul Says to Decide on 2016 White House Run After Midterm Elections", "keywords": [], "lead_paragraph": "Republican Rand Paul said on Sunday he was preparing for a possible run for the presidency in 2016 but would not make a final decision until after the November midterm elections.", "pub_date": "2014-03-09T12:35:39Z"}
{"headline": "US Administration Pulls Back on Medicare Drug Benefit Proposals", "keywords": [], "lead_paragraph": "The Obama administration, in an abrupt about-face, said on Monday it would drop proposed changes to Medicare drug coverage that met wide opposition on grounds they would harm health benefits for the elderly and disabled.", "pub_date": "2014-03-10T12:46:50Z"}
{"headline": "Obama\u2019s New Approach Takes a Humorous Turn", "keywords": [{"value": "Health Insurance and Managed Care", "is_major": "Y", "rank": "5", "name": "subject"}, {"value": "Youth", "is_major": "Y", "rank": "9", "name": "subject"}, {"value": "Patient Protection and Affordable Care Act (2010)", "is_major": "Y", "rank": "7", "name": "subject"}, {"value": "HealthCare.gov", "is_major": "N", "rank": "6", "name": "organizations"}, {"value": "Galifianakis, Zach", "is_major": "Y", "rank": "3", "name": "persons"}, {"value": "Web-Original Programming", "is_major": "Y", "rank": "8", "name": "subject"}, {"value": "Obama, Barack", "is_major": "Y", "rank": "1", "name": "persons"}, {"value": "FunnyOrDie.com", "is_major": "N", "rank": "2", "name": "organizations"}, {"value": "Between Two Ferns (Web-Original Program)", "is_major": "Y", "rank": "4", "name": "creative_works"}], "lead_paragraph": "The president\u2019s interview on \u201cBetween Two Ferns,\u201d an online parody of celebrity interview shows, is an attempt to get young people to sign up for health insurance on the government\u2019s website.", "pub_date": "2014-03-11T00:00:00Z"}
{"headline": "Today in History", "keywords": [], "lead_paragraph": "Today is Tuesday, March 11, the 70th day of 2014. There are 295 days left in the year.", "pub_date": "2014-03-11T00:00:42Z"}
{"headline": "Hersman, Public Face of U.S. Transportation Safety, Steps Down", "keywords": [], "lead_paragraph": "Deborah Hersman, who headed the U.S. National Transportation Safety Board during high-profile investigations into plane crashes and other transit mishaps, said on Tuesday she would leave the agency in April after almost 10 years.", "pub_date": "2014-03-11T12:02:38Z"}
{"headline": "Times Minute | Washington Today", "keywords": [{"value": "Obama, Barack", "name": "persons", "rank": "1"}, {"value": "Senate", "name": "organizations", "rank": "2"}, {"value": "National Security Agency", "name": "organizations", "rank": "1"}, {"value": "Appointments and Executive Changes", "name": "subject", "rank": "1"}], "lead_paragraph": null, "pub_date": "2014-03-11T12:11:44Z"}
{"headline": "White House Says Obama Has 'Great Confidence' in CIA Chief", "keywords": [], "lead_paragraph": "President Barack Obama has \"great confidence\" in CIA chief John Brennan, the White House said on Tuesday, even as a senior Democratic senator accused the agency of spying on Congress and possibly breaking the law.", "pub_date": "2014-03-11T13:24:49Z"}
{"headline": "Obama Pitches His Health Care Plan on Funny or Die", "keywords": [], "lead_paragraph": "Zach Galifianakis brought the ferns, and President Barack Obama opened a new avenue of presidential communication.", "pub_date": "2014-03-11T16:40:46Z"}
{"headline": "Salesman Swimming With Sharks", "keywords": [{"value": "Comedy and Humor", "is_major": "N", "rank": "5", "name": "subject"}, {"value": "Health Insurance and Managed Care", "is_major": "Y", "rank": "7", "name": "subject"}, {"value": "Web-Original Programming", "is_major": "Y", "rank": "6", "name": "subject"}, {"value": "Galifianakis, Zach", "is_major": "Y", "rank": "3", "name": "persons"}, {"value": "Patient Protection and Affordable Care Act (2010)", "is_major": "Y", "rank": "8", "name": "subject"}, {"value": "Between Two Ferns (Web-Original Program)", "is_major": "Y", "rank": "1", "name": "creative_works"}, {"value": "Obama, Barack", "is_major": "Y", "rank": "2", "name": "persons"}, {"value": "Television", "is_major": "N", "rank": "4", "name": "subject"}], "lead_paragraph": "Interviewing President Obama on the online comedy show \u201cBetween Two Ferns\u201d on Tuesday, Zach Galifianakis deployed his signature rude barbs.", "pub_date": "2014-03-12T00:00:00Z"}
{"headline": "Wanted by Ecuador, 2 Brothers Make Mark in U.S. Campaigns", "keywords": [{"value": "Garcia, Joe (1963- )", "is_major": "N", "rank": "11", "name": "persons"}, {"value": "Isaias, Roberto", "is_major": "Y", "rank": "5", "name": "persons"}, {"value": "Ros-Lehtinen, Ileana", "is_major": "N", "rank": "9", "name": "persons"}, {"value": "Extradition", "is_major": "Y", "rank": "7", "name": "subject"}, {"value": "Isaias, William", "is_major": "Y", "rank": "6", "name": "persons"}, {"value": "Obama, Barack", "is_major": "Y", "rank": "3", "name": "persons"}, {"value": "Menendez, Robert", "is_major": "N", "rank": "8", "name": "persons"}, {"value": "Rubio, Marco", "is_major": "N", "rank": "10", "name": "persons"}, {"value": "Campaign Finance", "is_major": "Y", "rank": "1", "name": "subject"}, {"value": "Ecuador", "is_major": "Y", "rank": "2", "name": "glocations"}, {"value": "United States International Relations", "is_major": "N", "rank": "4", "name": "subject"}], "lead_paragraph": "Political donations by relatives of Roberto and William Isaias, fugitives from Ecuador who fled to Miami, have raised questions about Washington\u2019s decision making on their fate.", "pub_date": "2014-03-12T00:00:00Z"}
{"headline": "Quotations in the News", "keywords": [], "lead_paragraph": "\"This race is not about defending a broken agenda in Washington or advancing a broken agenda in Washington. This race is about serving the people in our own community. Let's dispense with the rancor and vitriol of the last five months.\" &#8212; Republican David Jolly after he won a special election for a Tampa, Fla.-area U.S. House district.", "pub_date": "2014-03-12T03:02:09Z"}
{"headline": "US Gas Boom: A Tool Against Russian Coercion", "keywords": [], "lead_paragraph": "The United States, with its abundant supplies of natural gas, would seem to have an easy answer to Europe's fears that a strong response to Russia's rapid takeover of Ukraine's Crimea region could prompt Vladimir Putin to shut down gas lines that keep European homes warm, factories humming and electricity flowing.", "pub_date": "2014-03-12T08:54:15Z"}
{"headline": "White House Promotes Economic Issues Facing Women", "keywords": [], "lead_paragraph": "Add pay equity to President Barack Obama's 2014 do-it-himself wish list.", "pub_date": "2014-03-12T09:28:03Z"}
{"headline": "NYC Buildings Explosion Kills Three, Others Missing", "keywords": [], "lead_paragraph": "Two New York City apartment buildings collapsed on Wednesday in an explosion apparently caused by a gas leak, killing three women, injuring at least 36 people and setting off a search for more victims feared trapped in the rubble, officials said.", "pub_date": "2014-03-12T10:10:57Z"}
{"headline": "Arizona Governor Jan Brewer Says Will Not Seek Another Term", "keywords": [], "lead_paragraph": "Arizona Governor Jan Brewer, a Republican who clashed with the Obama administration over immigration and once wagged her finger at the president on an airport tarmac, said on Wednesday she would not run for re-election, ending speculation about whether she would seek a third term.", "pub_date": "2014-03-12T14:05:27Z"}
{"headline": "Analysis: Dispute on Obamacare Role in House Race", "keywords": [], "lead_paragraph": "Republicans have a new calling card for the midterm elections, same as the old one.", "pub_date": "2014-03-12T17:17:31Z"}
{"headline": "U.S. Calls Guantanamo Hunger Strikes 'Non-Religious Fasting'", "keywords": [], "lead_paragraph": "New Guantanamo Bay U.S. prison guidelines describe hunger striking detainees as undergoing \"long term non-religious fasting,\" a copy of the document obtained by Reuters shows.", "pub_date": "2014-03-12T18:37:36Z"}
{"headline": "Ukraine\u2019s New Premier, the \u2018Rabbit,\u2019 Seems to Be in His Element", "keywords": [{"value": "Obama, Barack", "is_major": "N", "rank": "5", "name": "persons"}, {"value": "International Relations", "is_major": "N", "rank": "3", "name": "subject"}, {"value": "Yatsenyuk, Arseniy P", "is_major": "Y", "rank": "1", "name": "persons"}, {"value": "Ukraine", "is_major": "Y", "rank": "2", "name": "glocations"}, {"value": "Demonstrations, Protests, and Riots", "is_major": "N", "rank": "4", "name": "subject"}], "lead_paragraph": "Derided as an uninspiring technician during a failed presidential campaign in 2010, Arseniy P. Yatsenyuk is now said by some Ukrainians to be the right man at the right moment.", "pub_date": "2014-03-13T00:00:00Z"}
{"headline": "China: US, Beijing Should Stress Mutual Interests", "keywords": [], "lead_paragraph": "Common interests between China and the United States far outweigh the countries' differences, Chinese Premier Li Keqiang said Thursday, sounding a cordial note following a minor spat over President Barack Obama's recent meeting with the Dalai Lama.", "pub_date": "2014-03-13T01:39:56Z"}
{"headline": "Analysis: Dispute on Obamacare Role in House Race", "keywords": [], "lead_paragraph": "Republicans have a new calling card for the midterm elections, same as the old one.", "pub_date": "2014-03-13T03:14:17Z"}
{"headline": "Dow Posts Fourth Loss in a Row as US Stocks Slide", "keywords": [], "lead_paragraph": "Increasing worries about China's economy and rising tensions over Ukraine rattled the stock market Thursday.", "pub_date": "2014-03-13T09:29:23Z"}
{"headline": "3 Fed Nominees Signal Support for Current Policy", "keywords": [], "lead_paragraph": "Three nominees for the Federal Reserve's board expressed their support Thursday for the Fed's efforts to bolster the U.S. economy. Their comments suggested that the Fed's low-interest-rate policies will continue if they win confirmation.", "pub_date": "2014-03-13T11:29:21Z"}
{"headline": "Kerry Says U.S., Europe Ready to Act if Crimea Referendum Held", "keywords": [], "lead_paragraph": "The United States and the European Union will take serious steps against Russia if a referendum planned for Sunday in Ukraine's Crimea region results in Russian annexation, U.S. Secretary of State John Kerry said on Thursday.", "pub_date": "2014-03-13T11:53:30Z"}
{"headline": "Zuckerberg Voices Frustration With Obama Over NSA", "keywords": [], "lead_paragraph": "Facebook CEO Mark Zuckerberg says he has called President Barack Obama to express his frustration over what he says is long-lasting damage caused by the U.S. government's surveillance programs.", "pub_date": "2014-03-13T17:13:27Z"}
{"headline": "Facebook CEO Zuckerberg Phoned Obama to Complain About Spying", "keywords": [], "lead_paragraph": "Facebook Inc Chief Executive Mark Zuckerberg blasted the U.S. government's electronic surveillance practices on Thursday, saying he'd personally called President Barack Obama to voice his displeasure.", "pub_date": "2014-03-13T17:23:39Z"}
{"headline": "Facebook's Zuckerberg Complains to Obama Over Government Spying", "keywords": [{"value": "Obama, Barack", "name": "persons", "rank": "1"}, {"value": "Snowden, Edward J", "name": "persons", "rank": "2"}, {"value": "Zuckerberg, Mark E", "name": "persons", "rank": "3"}, {"value": "National Security Agency", "name": "organizations", "rank": "2"}, {"value": "Facebook Inc", "name": "organizations", "rank": "1"}, {"value": "Surveillance of Citizens by Government", "name": "subject", "rank": "3"}, {"value": "Social Media", "name": "subject", "rank": "2"}, {"value": "Computer Security", "name": "subject", "rank": "1"}], "lead_paragraph": null, "pub_date": "2014-03-13T17:36:59Z"}
{"headline": "Japan's Abe Says Won't Alter 1993 Apology on 'Comfort Women'", "keywords": [], "lead_paragraph": "Japanese Prime Minister Shinzo Abe said on Friday that his government would not revise a landmark 1993 apology to women, many Korean, forced to serve in wartime military brothels, as Washington presses for better ties between its two Asian allies.", "pub_date": "2014-03-13T22:39:21Z"}
{"headline": "Chronicler of Presidents Is Bringing Four Together", "keywords": [{"value": "Clinton, Bill", "is_major": "N", "rank": "5", "name": "persons"}, {"value": "Johnson, Lyndon Baines, Presidential Library", "is_major": "N", "rank": "1", "name": "organizations"}, {"value": "Bush, George W", "is_major": "N", "rank": "3", "name": "persons"}, {"value": "Obama, Barack", "is_major": "N", "rank": "4", "name": "persons"}, {"value": "Texas", "is_major": "N", "rank": "7", "name": "glocations"}, {"value": "Civil Rights and Liberties", "is_major": "N", "rank": "2", "name": "subject"}, {"value": "Carter, Jimmy", "is_major": "N", "rank": "6", "name": "persons"}], "lead_paragraph": "Few occasions are notable enough to bring together former and sitting presidents \u2014 inaugurations, funerals, the opening of a presidential library. But next month, four presidents will participate in an Austin, Texas, event that goes beyond ceremonial roles. And one man is largely responsible for putting the event together.", "pub_date": "2014-03-14T00:00:00Z"}
{"headline": "Beyond the Hype, Keystone Would Yield Few Permanent Jobs", "keywords": [], "lead_paragraph": "In the heated debate over whether to build the Keystone XL pipeline, the energy industry and lawmakers have predicted that the project could unleash an economic bonanza in the Midwest, and provide jobs for up to a half-million people.", "pub_date": "2014-03-14T01:04:15Z"}
{"headline": "Russia Accuses U.S. of Discrimination Against Russian Journalists", "keywords": [], "lead_paragraph": "Russia accused the United States on Friday of unacceptable discrimination against Russian journalists by barring them from a news conference given by President Barack Obama and Ukraine's prime minister.", "pub_date": "2014-03-14T02:53:30Z"}
{"headline": "Dems Grapple With Dilemma on Keystone XL Pipeline", "keywords": [], "lead_paragraph": "Democrats are grappling with an election-year dilemma posed by the Keystone XL oil pipeline.", "pub_date": "2014-03-14T04:50:13Z"}
{"headline": "Philippines Offers U.S. Forces Access to Military Bases", "keywords": [], "lead_paragraph": "The Philippines has agreed to allow the United States access to its military bases under a new security deal being negotiated by the two allies, amid mounting concern over China's increasing assertiveness in the disputed waters of the South China Sea.", "pub_date": "2014-03-14T04:51:40Z"}
{"headline": "10 Things to Know for Today", "keywords": [], "lead_paragraph": "Your daily look at late-breaking news, upcoming events and the stories that will be talked about Friday:", "pub_date": "2014-03-14T06:08:21Z"}
{"headline": "Bloomberg Defends Policies in Couric Interview", "keywords": [], "lead_paragraph": "Former New York City Mayor Michael Bloomberg strongly defended many of his signature policies in a wide-ranging interview with Katie Couric.", "pub_date": "2014-03-14T13:06:30Z"}
{"headline": "Correction: Venezuela-Unrest Story", "keywords": [], "lead_paragraph": "In a story March 14 about political unrest in Venezuela, The Associated Press incorrectly attributed to a Chrysler spokeswoman the information that vehicle production at a company plant in Venezuela was reduced because of parts shortages. That information came from a union representative. The spokeswoman confirmed the production cuts, but not the reason.", "pub_date": "2014-03-14T15:29:50Z"}
{"headline": "More Hope Than Headway So Far in U.S.-Europe Trade Talks", "keywords": [{"value": "De Gucht, Karel", "is_major": "N", "rank": "5", "name": "persons"}, {"value": "Europe", "is_major": "Y", "rank": "6", "name": "glocations"}, {"value": "European Commission", "is_major": "N", "rank": "3", "name": "organizations"}, {"value": "International Trade and World Market", "is_major": "Y", "rank": "1", "name": "subject"}, {"value": "Customs (Tariff)", "is_major": "Y", "rank": "2", "name": "subject"}, {"value": "Obama, Barack", "is_major": "N", "rank": "4", "name": "persons"}], "lead_paragraph": "Eliminating tariffs on all goods between the trans-Atlantic trading partners looks challenging. So does the 2015 target for completing a deal.", "pub_date": "2014-03-15T00:00:00Z"}
{"headline": "O'Driscoll Steps Into Retirement With Last Tango in Paris", "keywords": [], "lead_paragraph": "More than an hour after clinching his second Six Nations title, Brian O'Driscoll still wore his green jersey as the iconic Ireland centre tried to milk every moment back at the venue where his love affair with the championship really started.", "pub_date": "2014-03-15T18:21:39Z"}
